{"type":"footer","name":"t:sections.footer-group.name","sections":{"21f6a51d-f768-4b1b-806a-a8e9c10d2466":{"type":"advanced-content","disabled":true,"blocks":{"sections--15734599090381__21f6a51d-f768-4b1b-806a-a8e9c10d2466-1679269134588f8889-0":{"type":"image","disabled":true,"settings":{"link":"","width":"50%","alignment":"center"}},"sections--15734599090381__21f6a51d-f768-4b1b-806a-a8e9c10d2466-1679269134588f8889-1":{"type":"liquid","settings":{"code":"<p>KitUSafe Wholesale Program<\/p>\n\n<h1>KitUSafe Wholesale Program<\/h1>\n\n<h2>Wholesale Programs<\/h2>\n\n<p>Welcome to KitUSafe&#39;s wholesale program. We understand that organizations, charities, and schools have unique needs when it comes to safety and preparedness. That&#39;s why we offer special pricing and services to help you keep your community safe and prepared.<\/p>\n\n<p>php Copy code<\/p>\n\n<p><img alt=\"Wholesale program illustration\" src=\"\/\/cdn.shopify.com\/s\/files\/1\/0615\/3220\/9357\/files\/wholesale.png?v=1674083457\" style=\"height:264px; width:333px\" \/><\/p>\n\n<p>Our wholesale program is designed to meet the specific needs of schools, organizations, and charities, providing you with access to our complete line of safety products at discounted prices.<\/p>\n\n<p>We offer flexible ordering options, including the ability to place bulk orders and customize products to meet your specific needs. Our dedicated team is always available to help you choose the right products and assist you throughout the ordering process.<\/p>\n\n<h2>With our wholesale program, you can enjoy:<\/h2>\n\n<ul>\n\t<li><strong>Competitive pricing<\/strong><\/li>\n\t<li><strong>No minimum order quantity<\/strong><\/li>\n\t<li><strong>Personalized service and support<\/strong><\/li>\n\t<li><strong>Fast and reliable delivery<\/strong><\/li>\n<\/ul>\n\n<p>We&#39;re committed to providing our wholesale customers with the highest level of service and support, and we&#39;re here to help you every step of the way.<\/p>\n\n<h2>&nbsp;<\/h2>","width":"100%","alignment":"center"}}},"block_order":["sections--15734599090381__21f6a51d-f768-4b1b-806a-a8e9c10d2466-1679269134588f8889-0","sections--15734599090381__21f6a51d-f768-4b1b-806a-a8e9c10d2466-1679269134588f8889-1"],"settings":{"full_width":false,"space_around":true,"lazyload_images":true}},"footer-promotions":{"type":"footer-promotions","blocks":{"footer-promotions-0":{"type":"promotion","disabled":true,"settings":{"enable_image":true,"image_mask":"none","title":"Site-wide promotion","text":"<p>Use this section to promote content throughout every page of your site. Add images for further impact.<\/p>","button_label":"Optional button","button_link":""}},"footer-promotions-1":{"type":"promotion","disabled":true,"settings":{"enable_image":true,"image_mask":"none","title":"Site-wide promotion","text":"<p>Use this section to promote content throughout every page of your site. Add images for further impact.<\/p>","button_label":"Optional button","button_link":""}},"footer-promotions-2":{"type":"promotion","disabled":true,"settings":{"enable_image":true,"image_mask":"none","title":"Site-wide promotion","text":"<p>Use this section to promote content throughout every page of your site. Add images for further impact.<\/p>","button_label":"Optional button","button_link":""}}},"block_order":["footer-promotions-0","footer-promotions-1","footer-promotions-2"],"settings":{"hide_homepage":false,"image_size":"wide"}},"footer":{"type":"footer","blocks":{"b1448bc3-f216-4ec8-ba45-09ed9f1f2808":{"type":"custom","settings":{"show_footer_title":true,"title":"CONTACT INFORMATION","text":"<p><strong>ADDRESS<\/strong><br\/><a href=\"https:\/\/goo.gl\/maps\/FUPAbktPLdELKpCX8\" target=\"_blank\" title=\"https:\/\/goo.gl\/maps\/FUPAbktPLdELKpCX8\">11910 Parklawn Drive, Suite U, Rockville<\/a><\/p><p><strong>PHONE<\/strong><br\/><a href=\"tel:+301 754 2500\" target=\"_blank\" title=\"tel:+301 754 2500\">+301 754 2500<\/a><\/p><p><strong>EMAIL<\/strong><br\/><a href=\"mailto:KitUSafe@gmail.com\" target=\"_blank\">Info@KitUSafe.com<\/a><\/p>","container_width":25}},"footer-1":{"type":"menu","settings":{"show_footer_title":true,"menu":"footer","container_width":25}},"3ca4607c-18d0-46da-9b12-157695378047":{"type":"menu","settings":{"show_footer_title":true,"menu":"quick-links","container_width":25}},"892eed74-1f9b-409b-bda7-985d7f040d92":{"type":"menu","settings":{"show_footer_title":true,"menu":"main-menu","container_width":25}},"footer2":{"type":"newsletter","disabled":true,"settings":{"show_footer_title":true,"title":"Sign up and save","text":"<p>Subscribe to get special offers, free giveaways, and once-in-a-lifetime deals.<\/p>","container_width":33}},"footer-0":{"type":"logo_social","disabled":true,"settings":{"desktop_logo_height":50,"container_width":95}}},"block_order":["b1448bc3-f216-4ec8-ba45-09ed9f1f2808","footer-1","3ca4607c-18d0-46da-9b12-157695378047","892eed74-1f9b-409b-bda7-985d7f040d92","footer2","footer-0"],"settings":{"show_locale_selector":true,"show_currency_selector":true,"show_currency_flags":true,"show_payment_icons":true,"show_copyright":true,"copyright_text":""}}},"order":["21f6a51d-f768-4b1b-806a-a8e9c10d2466","footer-promotions","footer"]}