{"type":"header","name":"t:sections.header-group.name","sections":{"header":{"type":"header","blocks":{"header-0":{"type":"logo","settings":{"logo":"shopify:\/\/shop_images\/1200x316_200x_1.png","desktop_logo_width":200,"mobile_logo_width":120}}},"block_order":["header-0"],"settings":{"main_menu_link_list":"main-menu","mega_menu_images":true,"main_menu_alignment":"center-split","header_style":"sticky","sticky_index":false,"sticky_collection":false,"toolbar_menu":"","toolbar_social":true,"show_locale_selector":true,"show_currency_selector":true,"show_currency_flags":true}},"announcement":{"type":"announcement","blocks":{"announcement-0":{"type":"announcement","settings":{"text":"Free shipping","link_text":"worldwide","link":""}},"announcement-1":{"type":"announcement","settings":{"text":"Hassle-free returns","link_text":"30-day postage paid returns","link":""}}},"block_order":["announcement-0","announcement-1"],"settings":{"announcement_compact":true}}},"order":["header","announcement"]}