{"type":"custom.popups","name":"t:sections.popup-group.name","sections":{"newsletter-popup":{"type":"newsletter-popup","disabled":true,"blocks":{"reminder-block":{"type":"header","disabled":true,"settings":{}}},"block_order":["reminder-block"],"settings":{"disable_for_account_holders":true,"popup_seconds":8,"popup_days":30,"popup_title":"Get FREE Sample","popup_text":"<p>Fill in the details for more information<\/p>","popup_image":"shopify:\/\/shop_images\/wepik--20221015-21630.png","image_position":"left","show_social_icons":true,"enable_newsletter":true,"button_label":"SEND","button_link":""}},"age-verification-popup":{"type":"age-verification-popup","disabled":true,"settings":{"enable_test_mode":false,"blur_image":false,"heading":"Confirm your age","text":"<p>Are you 18 years old or older?<\/p>","decline_button_label":"No I'm not","approve_button_label":"Yes I am","decline_heading":"Come back when you're older","decline_text":"<p>Sorry, the content of this store can't be seen by a younger audience. Come back when you're older.<\/p>","return_button_label":"Oops, I entered incorrectly"}}},"order":["newsletter-popup","age-verification-popup"]}