{"sections":{"slideshow":{"type":"slideshow","blocks":{"slideshow-0":{"type":"image","settings":{"top_subheading":"","title":"KIT U SAFE","title_size":69,"subheading":"Where you are we've got you covered","link":"shopify:\/\/collections\/all","link_text":"Shop this","link_2":"","link_text_2":"","color_accent":"#000000","text_align":"vertical-center horizontal-left","image":"shopify:\/\/shop_images\/pexels-andrea-piacquadio-3289167.jpg","image_mobile":"shopify:\/\/shop_images\/pexels-andrea-piacquadio-3289167.jpg","parallax_direction":"left","overlay_opacity":0}},"slideshow-1":{"type":"image","disabled":true,"settings":{"top_subheading":"","title":"Two line\ntitle slide.","title_size":80,"subheading":"And optional subtext","link":"shopify:\/\/collections\/all","link_text":"Shop all","link_2":"shopify:\/\/collections\/all","link_text_2":"Shop all","color_accent":"#000000","text_align":"vertical-bottom horizontal-left","parallax_direction":"top","overlay_opacity":0}},"230573d1-aa7c-4167-badb-b1b9394aa4e1":{"type":"image","settings":{"top_subheading":"","title":"feel free","title_size":80,"subheading":"Stay fresh, stay confident, stay KitUsafe","link":"shopify:\/\/collections\/personal-hygiene-kits","link_text":"Discover Now","link_2":"","link_text_2":"","color_accent":"rgba(0,0,0,0)","text_align":"vertical-bottom horizontal-left","image":"shopify:\/\/shop_images\/pexels-bahaa-a-shawqi-569163_1.jpg","image_mobile":"shopify:\/\/shop_images\/pexels-bahaa-a-shawqi-569163_1.jpg","parallax_direction":"top","overlay_opacity":0}}},"block_order":["slideshow-0","slideshow-1","230573d1-aa7c-4167-badb-b1b9394aa4e1"],"settings":{"section_height":"550px","mobile_height":"auto","parallax":true,"style":"bars","autoplay":true,"autoplay_speed":7,"lazyload_images":true}},"c06d4aac-ae34-4d1f-ad7a-380800eac180":{"type":"countdown","blocks":{"template--15681615134925__c06d4aac-ae34-4d1f-ad7a-380800eac180-1668380413013c2ec4-0":{"type":"content","settings":{"heading":"HOLIDAY SALE WEEKEND","heading_size":"h2","text":"<p>Get 20% Off Now<\/p><p><em><strong>KITUSAFE20<\/strong><\/em><\/p>","content_alignment":"center"}},"template--15681615134925__c06d4aac-ae34-4d1f-ad7a-380800eac180-1668380413013c2ec4-1":{"type":"timer","settings":{"year":"2023","month":"03","day":"31","hour":"03","minute":"00","hide_timer":true,"text":""}},"template--15681615134925__c06d4aac-ae34-4d1f-ad7a-380800eac180-1668380413013c2ec4-2":{"type":"button","settings":{"button_link":"shopify:\/\/collections\/best-sellers","button":"Shop Collection","button_style":"solid"}}},"block_order":["template--15681615134925__c06d4aac-ae34-4d1f-ad7a-380800eac180-1668380413013c2ec4-0","template--15681615134925__c06d4aac-ae34-4d1f-ad7a-380800eac180-1668380413013c2ec4-1","template--15681615134925__c06d4aac-ae34-4d1f-ad7a-380800eac180-1668380413013c2ec4-2"],"settings":{"layout":"banner","full_width":true,"text_color":"#000000","background_color":"#ffffff","overlay_color":"#000000","overlay_opacity":18,"lazyload_images":true}},"3f6ce2ea-9b9e-43bb-9192-807b5fb11afb":{"type":"promo-grid","blocks":{"template--15681615134925__3f6ce2ea-9b9e-43bb-9192-807b5fb11afb-1668383298415498ab-1":{"type":"advanced","settings":{"subheading":"Limited time","heading":"20% off","textarea":"FEMININE HYGIENE KIT","cta_text1":"Shop NOW","cta_link1":"","cta_text2":"","cta_link2":"","image":"shopify:\/\/shop_images\/wepik--20221014-15147_2880.png","video_url":"","width":"100","height":500,"text_size":130,"text_align":"vertical-top horizontal-left","color_accent":"rgba(0,0,0,0)","boxed":true,"framed":false}}},"block_order":["template--15681615134925__3f6ce2ea-9b9e-43bb-9192-807b5fb11afb-1668383298415498ab-1"],"settings":{"full_width":false,"gutter_size":1,"space_above":false,"space_below":false,"lazyload_images":true}},"566def5e-4023-4ae4-81d7-176ff0a051dd":{"type":"text-and-image","settings":{"image":"shopify:\/\/shop_images\/Screenshot_2023-01-16_005207.png","image_mask":"none","image2_mask":"none","subtitle":"Welcome to","title":"KIT U SAFE","text":"<p><strong>Your one-stop-shop for all your safety needs.<\/strong><\/p><p>At Kit-U-Safe, we understand the importance of keeping yourself and your loved ones safe. That's why we have spent over 20 years researching and developing the best products to ensure your safety and peace of mind.<\/p><p>Whether you're looking for personal protective equipment, home safety products, or anything in between, we have you covered. Browse our wide selection of products and find the perfect solution for your needs.<\/p><p><\/p>","button_label":"","button_link":"","button_style":"primary","align_text":"left","image_width":"50","layout":"right","divider":false,"top_padding":true,"bottom_padding":true,"lazyload_images":true}},"featured-collection":{"type":"featured-collection","settings":{"title":"BEST SELLING PRODUCTS","home_featured_products":"best-sellers","per_row":4,"rows":1,"mobile_scrollable":true,"view_all":true,"divider":false}},"promo-grid":{"type":"promo-grid","blocks":{"promo-0":{"type":"advanced","settings":{"subheading":"KIT U SAFE","heading":"\"perfect for schools, organizations and charities\"","textarea":"Stay prepared and comfortable with KitUSafe's Period Kits","cta_text1":"","cta_link1":"shopify:\/\/collections\/all","cta_text2":"Shop All","cta_link2":"","image":"shopify:\/\/shop_images\/Screenshot_2023-01-16_012409.png","video_url":"","width":"100","height":500,"text_size":70,"text_align":"vertical-center horizontal-center","color_accent":"rgba(0,0,0,0)","boxed":true,"framed":true}},"promo-1":{"type":"advanced","disabled":true,"settings":{"subheading":"Limited time","heading":"Announce your promotion","textarea":"Include the smaller details of your promotion in text below the title.","cta_text1":"Shop This","cta_link1":"shopify:\/\/collections\/all","cta_text2":"Shop All","cta_link2":"","video_url":"","width":"100","height":540,"text_size":100,"text_align":"vertical-bottom horizontal-center","color_accent":"rgba(0,0,0,0)","boxed":false,"framed":false}}},"block_order":["promo-0","promo-1"],"settings":{"full_width":false,"gutter_size":20,"space_above":false,"space_below":false,"lazyload_images":true}},"3a7d2f6b-52c0-4df9-9743-bc94e34a5868":{"type":"featured-collection","settings":{"title":"FEMININE HYGIENE KITS","home_featured_products":"personal-hygiene-kits","per_row":4,"rows":1,"mobile_scrollable":true,"view_all":true,"divider":false}},"21ed8113-6fe1-43b3-94de-449031d9873f":{"type":"advanced-content","blocks":{"template--15681615134925__21ed8113-6fe1-43b3-94de-449031d9873f-1674078569f1f86d22-1":{"type":"liquid","settings":{"code":"<iframe width=\"560\" height=\"350\" src=\"https:\/\/www.youtube.com\/embed\/ZnPuSXH5IYY?&autoplay=1controls=0\" title=\"YouTube video player\" frameborder=\"0\" allow=\"accelerometer; autoplay; clipboard-write; encrypted-media; gyroscope; picture-in-picture; web-share\" allowfullscreen><\/iframe>","width":"50%","alignment":"top-middle"}},"c45749ba-8634-45d7-af9d-edcc4bacf27f":{"type":"liquid","settings":{"code":"<div style=\"text-align:center;\"><svg xmlns=\"http:\/\/www.w3.org\/2000\/svg\" viewBox=\"0 0 341.564 89.478\" width=\"250\" height=\"100.071\"><path d=\"M183.145 7.821c-9.756-10.427-25.575-10.427-35.337 0l-5.722 6.117-5.722-6.117c-9.756-10.427-25.582-10.427-35.337 0-9.756 10.427-9.756 27.341 0 37.767l5.722 6.117 35.337 37.767 35.331-37.767 5.722-6.117c9.756-10.435 9.756-27.341 0-37.767\" style=\"fill:#009fe3\"\/><path d=\"M9.339 65.548H0V17.939h9.339v20.939l6.224-.702 7.573-20.236h10.628l-10.01 23.877 10.281 23.731h-10.76l-7.711-18.972-6.224.701v18.271ZM40.126 17.94h9.34v47.608h-9.339V17.939zm15.226 8.545V17.94h33.826v8.545H77v39.063h-9.339V26.484H55.352Z\"\/><path d=\"M133.763 49.651c0 5.553 2.729 8.33 8.191 8.33s8.191-2.777 8.191-8.33V17.939h9.339v31.505c0 5.839-1.458 10.111-4.365 12.848-2.907 2.729-7.296 4.095-13.157 4.095s-10.249-1.366-13.157-4.095c-2.907-2.729-4.365-7.01-4.365-12.848V17.939h9.339v31.713Z\" style=\"fill:#fff\"\/><path d=\"M213 25.504c-4.914 0-7.373 1.681-7.373 5.044 0 1.497.609 2.638 1.827 3.432s4.072 1.936 8.56 3.432c4.489 1.497 7.635 3.186 9.439 5.075 1.804 1.89 2.706 4.797 2.706 8.715 0 4.997-1.466 8.776-4.396 11.345-2.931 2.568-6.764 3.849-11.499 3.849-3.517 0-7.829-.563-12.926-1.674l-2.438-.493.949-7.489c6.046.841 10.666 1.257 13.874 1.257 4.781 0 7.172-2.051 7.172-6.162 0-1.497-.555-2.661-1.658-3.501-1.103-.841-3.301-1.751-6.594-2.729-5.237-1.542-8.923-3.37-11.06-5.499-2.144-2.121-3.216-5.075-3.216-8.862 0-4.758 1.396-8.307 4.195-10.644 2.8-2.337 6.633-3.501 11.508-3.501 3.34 0 7.581.47 12.717 1.404l2.438.493-.74 7.627c-6.363-.748-10.852-1.119-13.465-1.119m35.839.418-4.667 22.612h12.587l-4.667-22.612h-3.247Zm-17.592 39.626 10.349-47.608h17.73l10.349 47.608h-9.339l-1.827-8.607h-16.103l-1.827 8.607h-9.339Zm44.594 0V17.939h29.368v8.406H285.2v13.999h16.373v8.406H285.2v16.798h-9.339Zm35.924 0V17.939h29.778v8.406h-20.437v11.13H337.5v8.259h-16.374v11.413h20.437v8.399h-29.778Z\"\/><\/svg>\n<\/div>\n<div style=\"text-align:center;\">\n  <h2> Welcome to Kitusafe Wholesale <\/h2>\n  <p> We're pleased to offer our premium quality period kits at special prices just for you. Our all-in-one kits are specially curated to provide everything you need for a comfortable and confident period experience. Plus, with 24\/7 support, you can trust that we'll be there for you whenever you need us. To learn more about our wholesale prices and to place an order, please contact us by visiting our <a href='https:\/\/kitusafe.com\/pages\/wholesale'>wholesale<\/a> page. Don't wait, elevate your period game with Kitusafe today! <\/p>\n<\/div>","width":"50%","alignment":"top-middle"}}},"block_order":["template--15681615134925__21ed8113-6fe1-43b3-94de-449031d9873f-1674078569f1f86d22-1","c45749ba-8634-45d7-af9d-edcc4bacf27f"],"settings":{"full_width":false,"space_around":true,"lazyload_images":true}},"featured-collections":{"type":"featured-collections","blocks":{"featured-collections-0":{"type":"collection","settings":{"collection":"diaper-changing-kits","title":"","focal_point":"center center"}},"featured-collections-1":{"type":"collection","settings":{"collection":"personal-toilet-kit","title":"","focal_point":"center center"}},"featured-collections-2":{"type":"collection","settings":{"collection":"personal-hygiene-kits","title":"","focal_point":"center center"}},"featured-collections-3":{"type":"collection","settings":{"collection":"first-aid-kits","title":"","focal_point":"center center"}}},"block_order":["featured-collections-0","featured-collections-1","featured-collections-2","featured-collections-3"],"settings":{"title":"Shop by category","divider":false,"per_row":4,"enable_gutter":true}},"ad75f3aa-52b5-48df-963b-461a8711487c":{"type":"hero-video","settings":{"title":"Stay safe, \nbe unstoppable","title_size":80,"subheading":"FEMININE HYGIENE KITS","link_text":"Shop NOW","link":"shopify:\/\/collections\/personal-hygiene-kits","color_accent":"rgba(0,0,0,0)","text_align":"vertical-center horizontal-center","video_url":"https:\/\/cdn.shopify.com\/videos\/c\/o\/v\/a813d655650d4fe6a9971e5fb92e57e8.mp4","overlay_opacity":0,"section_height":"450px","mobile_height":"auto"}},"promo-grid2":{"type":"promo-grid","disabled":true,"blocks":{"promo2-0":{"type":"advanced","disabled":true,"settings":{"subheading":"Limited time","heading":"Announce your promotion","textarea":"Include the smaller details of your promotion in text below the title.","cta_text1":"Shop This","cta_link1":"shopify:\/\/collections\/all","cta_text2":"Shop All","cta_link2":"","video_url":"https:\/\/www.youtube.com\/watch?v=ESVPGaro8MU","width":"100","height":720,"text_size":120,"text_align":"vertical-center horizontal-center","color_accent":"rgba(0,0,0,0)","boxed":false,"framed":false}},"promo2-1":{"type":"sale_collection","settings":{"sale_collection":"first-aid-kits","top_text":"Up to","middle_text":"50% off","bottom_text":"Select products","width":"50","color_tint":"#000000","color_tint_opacity":0,"boxed":false,"framed":true}},"promo2-2":{"type":"sale_collection","settings":{"sale_collection":"intimate-health-kits","top_text":"Up to","middle_text":"50% off","bottom_text":"Select products","width":"50","color_tint":"#000000","color_tint_opacity":0,"boxed":false,"framed":true}}},"block_order":["promo2-0","promo2-1","promo2-2"],"settings":{"full_width":false,"gutter_size":20,"space_above":false,"space_below":false,"lazyload_images":true}},"background-image-text":{"type":"background-image-text","disabled":true,"settings":{"subtitle":"Impressive","title":"Large image with text box","text":"<p>Pair large text with a full-width image to draw attention to an important detail of your brand or product line.<\/p>","button_label":"","button_link":"shopify:\/\/collections\/all","layout":"left","height":750,"framed":false,"parallax":true,"parallax_direction":"top","lazyload_images":true}},"6544116d-d52f-4bd3-9503-346cb5a5c712":{"type":"advanced-content","blocks":{"template--15681615134925__6544116d-d52f-4bd3-9503-346cb5a5c712-1668380413d37f14bb-1":{"type":"liquid","settings":{"code":"<div id=\"shopify-section-template--16427125309682__1662990718f3a38b2a\" class=\"shopify-section index-section\"><div class=\"text-with-icons\" data-section-id=\"template--16427125309682__1662990718f3a38b2a\" data-section-type=\"text-with-icons\">\n  <div class=\"page-width\"><div class=\"\n          text-with-icons__title\n          section-header\">\n        <h2 class=\"text-center\">Top Reasons to Shop From Us<\/h2>\n      <\/div><div class=\"\n        text-with-icons__blocks\n        has-4-per-row\" data-block-count=\"4\">\n      \n        <div class=\"text-with-icons__block text-center\">\n          <div class=\"text-with-icons__block-icon\">\n            \n                <svg aria-hidden=\"true\" focusable=\"false\" role=\"presentation\" class=\"icon icon-tcwi-truck\" viewBox=\"0 0 100 100\"><defs><style>.a{fill:none;stroke:#000;stroke-width:2px}<\/style><\/defs><path class=\"a\" d=\"M44.36 67.09l-2.17.01h20.46V28.83H22.27v3.93M22.27 56.47V67.1h8.78l-2.18-.01\"><\/path><path class=\"a\" d=\"M36.62 59.5a5.83 5.83 0 0 0-5.84 5.83 5.84 5.84 0 0 0 11.68 0 5.84 5.84 0 0 0-5.84-5.83zM78 59.5a5.84 5.84 0 0 0-5.85 5.83 5.84 5.84 0 0 0 11.68 0A5.83 5.83 0 0 0 78 59.5z\"><\/path><path class=\"a\" d=\"M70.26 67.09l2.17.01h-9.78V34.03h12.31l15.06 15.06h4.67V67.1H83.57l2.18-.01\"><\/path><path class=\"a\" d=\"M66.95 49.1V38h5.49l11.04 11.03-16.53.07zM28.26 44.53H5.31M32.81 37.81h-15.3M32.81 51.25h-15.3\"><\/path><\/svg>\n              \n          <\/div>\n          <div class=\"text-with-icons__block-title\">\n            <h3>Express Delivery<\/h3>\n          <\/div>\n          <div class=\"text-with-icons__block-text\">\n            <p>Express Delivey available<\/p>\n          <\/div>\n        <\/div>\n      \n        <div class=\"text-with-icons__block text-center\">\n          <div class=\"text-with-icons__block-icon\">\n            \n                <svg aria-hidden=\"true\" focusable=\"false\" role=\"presentation\" class=\"icon icon-tcwi-chat\" viewBox=\"0 0 100 100\"><defs><style>.a{fill:none;stroke:#000;stroke-width:2px}<\/style><\/defs><path class=\"a\" d=\"M88.78 28.25v47.18h-9.42v10.58L62.91 75.43H32.55V28.25h56.23zM41.85 42.53h37.51M41.85 51.83h37.51M41.85 61.14h26.58\"><\/path><path class=\"a\" d=\"M67.45 13.99v14.26h-34.9v35.83l-11.91 7.67V61.16h-9.42V13.99h56.23z\"><\/path><\/svg>\n              \n          <\/div>\n          <div class=\"text-with-icons__block-title\">\n            <h3>Customer Support<\/h3>\n          <\/div>\n          <div class=\"text-with-icons__block-text\">\n            <p>24X7 Customer Support available<\/p>\n          <\/div>\n        <\/div>\n      \n        <div class=\"text-with-icons__block text-center\">\n          <div class=\"text-with-icons__block-icon\">\n            \n                <svg aria-hidden=\"true\" focusable=\"false\" role=\"presentation\" class=\"icon icon-tcwi-package\" viewBox=\"0 0 100 100\"><defs><style>.a{fill:none;stroke:#000;stroke-width:2.16px}<\/style><\/defs><path class=\"a\" d=\"M50 89.87L15.33 69.86V30.08l34.78-19.95 34.56 19.95v39.78L50 89.87z\"><\/path><path class=\"a\" d=\"M67.33 50.78V40.09L32.76 20.14M15.33 30.08L50 50.09\"><\/path><path class=\"a\" d=\"M50 89.87V50.09l34.67-20.01\"><\/path><\/svg>\n              \n          <\/div>\n          <div class=\"text-with-icons__block-title\">\n            <h3>Secure Packing<\/h3>\n          <\/div>\n          <div class=\"text-with-icons__block-text\">\n            <p>Complete Packing Solution<\/p>\n          <\/div>\n        <\/div>\n      \n        <div class=\"text-with-icons__block text-center\">\n          <div class=\"text-with-icons__block-icon\">\n            \n                <svg aria-hidden=\"true\" focusable=\"false\" role=\"presentation\" class=\"icon icon-tcwi-globe\" viewBox=\"0 0 100 100\"><defs><style>.a{fill:none;stroke:#000;stroke-width:2px}<\/style><\/defs><path class=\"a\" d=\"M82.19 69.25a13.09 13.09 0 0 1-3.54-3 1.86 1.86 0 0 1 0-2.38c1.29-1.52 3.08-5-4.17-7.52a5.28 5.28 0 0 0-2.24 0 12.36 12.36 0 0 1-5.49 0 9.78 9.78 0 0 1-4.1-2.16c-.23-.2-.44-.41-.65-.63a10.08 10.08 0 0 1-2.17-10l.15-.46a8.09 8.09 0 0 0-3.92-9.55l-1.83-1c-3.54-1.58-5.69-3.88-6.39-6.83-1-4-.14-7.55 4.46-13.15M32 17.1a13 13 0 0 1 3.52 7.23 9.74 9.74 0 0 1-.52 4.76 11.74 11.74 0 0 1-2.16 3.61 10.49 10.49 0 0 0-1.72 2.73c-.62 1.51-1.12 3.44-.61 4.91a4 4 0 0 0 2.75 2.33c.25.08.52.16.8.23a5.11 5.11 0 0 1 4.24 4.65c.13 2-.82 4.29-2.68 6.44a17.84 17.84 0 0 1-6.76 4.78A15.87 15.87 0 0 1 23 59.93a14.39 14.39 0 0 1-3.14-.35c-3.45-.77-3.73-1.39-6.86-3.58M32.12 83c-.18-2.75-2.68-8.09.69-13.4a22.33 22.33 0 0 1 8.36-7.36c3.48-1.79 6.77-2.37 9-1.58a4.61 4.61 0 0 1 3.08 5.12v.83a4 4 0 0 0 1.21 3.3c1.49 1.26 4.42 1.3 6.66.91a2.55 2.55 0 0 0 .59-.18A12.09 12.09 0 0 1 67 69.43a9.74 9.74 0 0 1 4.51 1.2 12.61 12.61 0 0 1 5.41 5.51\"><\/path><circle class=\"a\" cx=\"50\" cy=\"50\" r=\"37.5\"><\/circle><\/svg>\n              \n          <\/div>\n          <div class=\"text-with-icons__block-title\">\n            <h3>Worldwide Shipping<\/h3>\n          <\/div>\n          <div class=\"text-with-icons__block-text\">\n            <p>We delivery worldwide<\/p>\n          <\/div>\n        <\/div>\n      \n    <\/div><\/div>\n<\/div><style data-shopify=\"\">\n  #shopify-section-template--16427125309682__1662990718f3a38b2a .icon {\n    color: #008acc;\n  }\n\n  #shopify-section-template--16427125309682__1662990718f3a38b2a .icon path,\n  #shopify-section-template--16427125309682__1662990718f3a38b2a .icon polygon,\n  #shopify-section-template--16427125309682__1662990718f3a38b2a .icon rect,\n  #shopify-section-template--16427125309682__1662990718f3a38b2a .icon circle,\n  #shopify-section-template--16427125309682__1662990718f3a38b2a .icon ellipse,\n  #shopify-section-template--16427125309682__1662990718f3a38b2a .icon line,\n  #shopify-section-template--16427125309682__1662990718f3a38b2a .icon polyline,\n  #shopify-section-template--16427125309682__1662990718f3a38b2a .icon g {\n    stroke-width: 3px;\n  }\n<\/style>\n\n\n\n<\/div>","width":"100%","alignment":"center"}}},"block_order":["template--15681615134925__6544116d-d52f-4bd3-9503-346cb5a5c712-1668380413d37f14bb-1"],"settings":{"full_width":false,"space_around":false,"lazyload_images":true}},"map":{"type":"map","disabled":true,"settings":{"map_title":"Our retail store","address":"<p>301 Front St W<br\/>Toronto, Canada<\/p><p>Mon - Fri, 8:30am - 10:30pm<br\/>Saturday, 8:30am - 10:30pm<br\/>Sunday, 8:30am - 10:30pm<\/p>","map_address":"301 Front St W, Toronto, ON M5V 2T6","api_key":"","show_button":true,"lazyload_images":true}},"c5c7641a-8303-42ee-89e4-d63bd7c07f6d":{"type":"hero-video","settings":{"title":"DIAPER  CHANGING KITS","title_size":80,"subheading":"KIT U SAFE","link_text":"BUY NOW","link":"","color_accent":"rgba(0,0,0,0)","text_align":"vertical-center horizontal-center","video_url":"https:\/\/cdn.shopify.com\/videos\/c\/o\/v\/47939bd7e651443fb6c68f88400c9e4d.mp4","overlay_opacity":0,"section_height":"450px","mobile_height":"auto"}},"b0a0b354-1f0c-4e2d-9455-78d1ac344703":{"type":"hero-video","disabled":true,"settings":{"title":"Bring your\nbrand to life.G","title_size":80,"subheading":"Seamless hero videos","link_text":"Optional button","link":"","color_accent":"rgba(0,0,0,0)","text_align":"vertical-center horizontal-center","video_url":"https:\/\/youtu.be\/R0S92PROV1Y","overlay_opacity":0,"section_height":"450px","mobile_height":"auto"}},"c3e0c690-6fe7-418c-8bfb-8d440ddd939d":{"type":"promo-grid","blocks":{"template--15681615134925__c3e0c690-6fe7-418c-8bfb-8d440ddd939d-1668383298415498ab-0":{"type":"advanced","settings":{"subheading":"Kit u safe","heading":"First aid kits","textarea":"","cta_text1":"Shop now","cta_link1":"","cta_text2":"","cta_link2":"","image":"shopify:\/\/shop_images\/wepik--20221013-185328.jpg","video_url":"","width":"100","height":500,"text_size":100,"text_align":"vertical-bottom horizontal-center","color_accent":"rgba(0,0,0,0)","boxed":true,"framed":false}}},"block_order":["template--15681615134925__c3e0c690-6fe7-418c-8bfb-8d440ddd939d-1668383298415498ab-0"],"settings":{"full_width":false,"gutter_size":20,"space_above":true,"space_below":false,"lazyload_images":true}},"38b16bae-f200-4744-9037-3bdb3f886b8b":{"type":"featured-collection","settings":{"title":"First aid kits","home_featured_products":"first-aid-kits","per_row":4,"rows":1,"mobile_scrollable":true,"view_all":true,"divider":false}},"0306cd3f-9ea8-439c-904a-b0f296a4982b":{"type":"testimonials","blocks":{"template--15734598598861__0306cd3f-9ea8-439c-904a-b0f296a4982b-1678648610e6a1dacb-0":{"type":"testimonial","settings":{"icon":"5-stars","testimonial":"<p><strong>Great for Travel<\/strong><\/p><p>I purchased this kit for a recent vacation and it was perfect. It had everything I needed to feel comfortable and confident while traveling. The compact size made it easy to pack in my carry-on bag and the individually wrapped items were very convenient.<\/p>","author":"Jessica","author_info":"Seattle, WA"}},"template--15734598598861__0306cd3f-9ea8-439c-904a-b0f296a4982b-1678648610e6a1dacb-1":{"type":"testimonial","settings":{"icon":"5-stars","testimonial":"<p><strong>Good Value for the Price<\/strong><br\/>I was impressed by the value of this kit. For the price, you get a good assortment of high-quality products that can last for several cycles. I appreciate that it includes a mix of pads and tampons so I can choose what I prefer.<\/p>","author":"Maria","author_info":"Miami, FL"}},"template--15734598598861__0306cd3f-9ea8-439c-904a-b0f296a4982b-1678648610e6a1dacb-2":{"type":"testimonial","settings":{"icon":"5-stars","testimonial":"<p><strong>Helpful for Emergency Situations<br\/><\/strong>I keep this kit in my emergency preparedness kit and it gives me peace of mind knowing that I have what I need in case of an emergency. The items are individually wrapped and easy to access when needed.<\/p>","author":"Alex","author_info":"San Francisco, CA"}},"template--15734598598861__0306cd3f-9ea8-439c-904a-b0f296a4982b-1678648610e6a1dacb-3":{"type":"testimonial","settings":{"icon":"5-stars","testimonial":"<p><strong>Discreet and Convenient<\/strong><br\/>I like that the kit comes in a discreet, resealable bag that I can easily store in my purse or backpack. It's also great that it includes a couple of disposable bags to dispose of used items when a trash can isn't readily available.<\/p>","author":"Emily","author_info":"Chicago, IL"}},"template--15734598598861__0306cd3f-9ea8-439c-904a-b0f296a4982b-1678648610e6a1dacb-4":{"type":"testimonial","settings":{"icon":"5-stars","testimonial":"<p><strong>Great for On-the-Go<\/strong><br\/>I often have to change locations throughout the day for work and this kit is a lifesaver. I can easily grab what I need from the kit and go without worrying about running out of supplies. The individually wrapped items are also great for sharing with others who may need them.<\/p>","author":"Sarah","author_info":"New York, NY"}}},"block_order":["template--15734598598861__0306cd3f-9ea8-439c-904a-b0f296a4982b-1678648610e6a1dacb-0","template--15734598598861__0306cd3f-9ea8-439c-904a-b0f296a4982b-1678648610e6a1dacb-1","template--15734598598861__0306cd3f-9ea8-439c-904a-b0f296a4982b-1678648610e6a1dacb-2","template--15734598598861__0306cd3f-9ea8-439c-904a-b0f296a4982b-1678648610e6a1dacb-3","template--15734598598861__0306cd3f-9ea8-439c-904a-b0f296a4982b-1678648610e6a1dacb-4"],"settings":{"title":"Testimonials","align_text":"center","round_images":true,"color_background":"#f9f9f9","color_text":"#1c1d1d"}},"d3b31706-fc25-4728-b929-17d2127e3aa0":{"type":"testimonials","disabled":true,"blocks":{"template--15681615134925__d3b31706-fc25-4728-b929-17d2127e3aa0-1668383301da239955-0":{"type":"testimonial","settings":{"icon":"5-stars","testimonial":"<p><strong>Nice Kit<\/strong><\/p><p>I bought these to put in the car so I would have these items available when needed. I really like them, but would have preferred the wipes to be bigger. It is not big enough to wipe anything.<\/p>","author":"Beverly","author_info":"Los Angeles, CA"}},"template--15681615134925__d3b31706-fc25-4728-b929-17d2127e3aa0-1668383301da239955-1":{"type":"testimonial","settings":{"icon":"5-stars","testimonial":"<p><strong>Convenient & Helpful<\/strong><\/p><p>The to Go pack is convenient and helpful. Keeping one in my purse and one in the car means I can protect myself and others in a moment’s notice. <\/p>","author":"Baldwin","author_info":"Florida, USA"}},"template--15681615134925__d3b31706-fc25-4728-b929-17d2127e3aa0-1668383301da239955-2":{"type":"testimonial","settings":{"icon":"5-stars","testimonial":"<p><strong>Excellent quality and quick delivery!<\/strong><\/p><p>I love that these are individually wrapped! I am using them for 2020 Census Workshops and the fact that they are individually wrapped helps keep everyone safe. The quality is great and I would definitely purchase again.<\/p>","author":"Brea","author_info":"Los Angeles, CA"}},"template--15681615134925__d3b31706-fc25-4728-b929-17d2127e3aa0-1668383301da239955-3":{"type":"testimonial","settings":{"icon":"5-stars","testimonial":"<p><strong>Love this item<\/strong><\/p><p>So handy. Just when you need a first aid kit. There it is just in the Nick of time.<\/p>","author":"Isabella","author_info":"Texas, fl"}}},"block_order":["template--15681615134925__d3b31706-fc25-4728-b929-17d2127e3aa0-1668383301da239955-0","template--15681615134925__d3b31706-fc25-4728-b929-17d2127e3aa0-1668383301da239955-1","template--15681615134925__d3b31706-fc25-4728-b929-17d2127e3aa0-1668383301da239955-2","template--15681615134925__d3b31706-fc25-4728-b929-17d2127e3aa0-1668383301da239955-3"],"settings":{"title":"Testimonials","align_text":"center","round_images":true,"color_background":"#f9f9f9","color_text":"#1c1d1d"}},"blog-posts":{"type":"blog-posts","disabled":true,"settings":{"title":"From the journal","blog":"news","post_limit":3,"blog_show_tags":false,"blog_show_date":true,"blog_show_comments":false,"blog_show_author":false,"view_all":true,"blog_image_size":"wide","divider":false}},"65d021bd-3e49-4868-99f6-ef2da20c3c23":{"type":"newsletter","disabled":true,"blocks":{"template--15681615134925__65d021bd-3e49-4868-99f6-ef2da20c3c23-1668380413aec117f0-0":{"type":"title","settings":{"title":"Sign up and save","heading_size":"h3"}},"template--15681615134925__65d021bd-3e49-4868-99f6-ef2da20c3c23-1668380413aec117f0-1":{"type":"text","disabled":true,"settings":{"text":"<p>Subscribe to get special offers, free giveaways, and once-in-a-lifetime deals.<\/p>"}},"template--15681615134925__65d021bd-3e49-4868-99f6-ef2da20c3c23-1668380413aec117f0-2":{"type":"form","settings":{}}},"block_order":["template--15681615134925__65d021bd-3e49-4868-99f6-ef2da20c3c23-1668380413aec117f0-0","template--15681615134925__65d021bd-3e49-4868-99f6-ef2da20c3c23-1668380413aec117f0-1","template--15681615134925__65d021bd-3e49-4868-99f6-ef2da20c3c23-1668380413aec117f0-2"],"settings":{"align_text":"center","image_width":"33","image_mask":"none","image_position":"left","color_background":"#f9f9f9","color_text":"#1c1d1d","top_padding":true,"bottom_padding":true}}},"order":["slideshow","c06d4aac-ae34-4d1f-ad7a-380800eac180","3f6ce2ea-9b9e-43bb-9192-807b5fb11afb","566def5e-4023-4ae4-81d7-176ff0a051dd","featured-collection","promo-grid","3a7d2f6b-52c0-4df9-9743-bc94e34a5868","21ed8113-6fe1-43b3-94de-449031d9873f","featured-collections","ad75f3aa-52b5-48df-963b-461a8711487c","promo-grid2","background-image-text","6544116d-d52f-4bd3-9503-346cb5a5c712","map","c5c7641a-8303-42ee-89e4-d63bd7c07f6d","b0a0b354-1f0c-4e2d-9455-78d1ac344703","c3e0c690-6fe7-418c-8bfb-8d440ddd939d","38b16bae-f200-4744-9037-3bdb3f886b8b","0306cd3f-9ea8-439c-904a-b0f296a4982b","d3b31706-fc25-4728-b929-17d2127e3aa0","blog-posts","65d021bd-3e49-4868-99f6-ef2da20c3c23"]}