{"sections":{"cb2a2237-f14c-432c-a2b2-e52fedf2d808":{"type":"advanced-content","disabled":true,"blocks":{"template--15690368221389__cb2a2237-f14c-432c-a2b2-e52fedf2d808-1669572168395a2ce1-0":{"type":"image","disabled":true,"settings":{"link":"","width":"50%","alignment":"center"}},"template--15690368221389__cb2a2237-f14c-432c-a2b2-e52fedf2d808-1669572168395a2ce1-1":{"type":"liquid","settings":{"code":"<div id=\"shopify-section-template--15575058874573__fc84f96d-5f39-4395-aa50-e41180471c6d\" class=\"shopify-section\"><div class=\"page-width\"><div class=\"custom-content\"><div class=\"custom__item one-whole align--center\" >\n      <div class=\"custom__item-inner custom__item-inner--liquid\"><div class=\"rte\">\n                <div class=\"text-center page-width page-width--narrow\" style=\"\n    padding-top: 55px;margin-bottom:-22;\n\"> \n    <div class=\"theme-block\" data-shopify-editor-block=\"{&quot;id&quot;:&quot;heading&quot;,&quot;type&quot;:&quot;heading&quot;}\">\n    <h2 data-live-text-setting=\"section.template--15575058874573__rich-text.block.heading.title\/escape\">Wholesale Programs<\/h2>\n<script src=\"https:\/\/cdn.lordicon.com\/qjzruarw.js\"><\/script>\n<lord-icon\n    src=\"https:\/\/cdn.lordicon.com\/medpcfcy.json\"\n    trigger=\"hover\"\n    style=\"width:250px;height:250px;justify-content: center;\">\n<\/lord-icon><\/div><\/div>\n<style=\"margin-bottom: -22;\">\n              <\/div><\/div><\/div><\/div><\/div><\/div>","width":"100%","alignment":"center"}}},"block_order":["template--15690368221389__cb2a2237-f14c-432c-a2b2-e52fedf2d808-1669572168395a2ce1-0","template--15690368221389__cb2a2237-f14c-432c-a2b2-e52fedf2d808-1669572168395a2ce1-1"],"settings":{"full_width":false,"space_around":false,"lazyload_images":true}},"main":{"type":"main-page","disabled":true,"settings":{}},"rich-text":{"type":"rich-text","blocks":{"heading":{"type":"heading","settings":{"title":"WHOLESALE PROGRAMS"}},"text":{"type":"text","settings":{"enlarge_text":true,"text":"<p>Welcome to KitUSafe's wholesale program. We understand that organizations, charities and schools have unique needs when it comes to safety and preparedness, and that's why we offer special pricing and services to help you keep your community safe and prepared.<\/p><p><\/p><p><\/p>"}}},"block_order":["heading","text"],"settings":{"align_text":"center","narrow_column":false,"divider":false}},"73498e9a-0d30-4904-a659-c324011402ad":{"type":"advanced-content","blocks":{"template--15690368221389__73498e9a-0d30-4904-a659-c324011402ad-16746831578b7d0b43-0":{"type":"image","settings":{"image":"shopify:\/\/shop_images\/wholesale.png","link":"","width":"25%","alignment":"center"}},"template--15690368221389__73498e9a-0d30-4904-a659-c324011402ad-16746831578b7d0b43-1":{"type":"liquid","settings":{"code":"<p style=\"text-align:center\"><span style=\"font-size:20px\">Our wholesale program is designed to meet the specific needs of schools, organizations, and charities, providing you with access to our complete line of safety products at discounted prices.<\/span><\/p>\n\n<p style=\"text-align:center\"><span style=\"font-size:20px\">We offer flexible ordering options, including the ability to place bulk orders and customize products to meet your specific needs. Our dedicated team is always available to help you choose the right products and assist you throughout the ordering process.<\/span><\/p>","width":"75%","alignment":"top-middle"}},"9612e9fa-f147-47a8-9438-81fdfb2e6a46":{"type":"liquid","settings":{"code":"<p style=\"text-align:center; font-size:20px\"><strong>With our wholesale program, you can enjoy:<\/strong><\/p>\n\n<ul style=\"text-align:center\">\n    <li style=\"font-size:20px\">Competitive pricing<\/li>\n    <li style=\"font-size:20px\">No minimum order quantity<\/li>\n    <li style=\"font-size:20px\">Personalized service and support<\/li>\n    <li style=\"font-size:20px\">Fast and reliable delivery<\/li>\n<\/ul>\n\n<p style=\"text-align:center; font-size:20px\">We're committed to providing our wholesale customers with the highest level of service and support, and we're here to help you every step of the way.<\/p><br>\n\n\n<p style=\"text-align:center\">&nbsp;<\/p>","width":"100%","alignment":"center"}}},"block_order":["template--15690368221389__73498e9a-0d30-4904-a659-c324011402ad-16746831578b7d0b43-0","template--15690368221389__73498e9a-0d30-4904-a659-c324011402ad-16746831578b7d0b43-1","9612e9fa-f147-47a8-9438-81fdfb2e6a46"],"settings":{"full_width":false,"space_around":false,"lazyload_images":true}},"bb9baf02-3173-4404-8b4b-604101128bae":{"type":"rich-text","disabled":true,"blocks":{"template--15690368221389__bb9baf02-3173-4404-8b4b-604101128bae-1674683586bbfd8552-0":{"type":"heading","settings":{"title":"Rich text"}},"template--15690368221389__bb9baf02-3173-4404-8b4b-604101128bae-1674683586bbfd8552-1":{"type":"text","settings":{"enlarge_text":true,"text":"<p>Use this text to share information about your brand with your customers. Describe a product, share announcements, or welcome customers to your store.<\/p>"}}},"block_order":["template--15690368221389__bb9baf02-3173-4404-8b4b-604101128bae-1674683586bbfd8552-0","template--15690368221389__bb9baf02-3173-4404-8b4b-604101128bae-1674683586bbfd8552-1"],"settings":{"align_text":"center","narrow_column":true,"divider":false}},"form":{"type":"contact-form","settings":{"title":"Contact us","text":"","show_phone":true,"narrow_column":true}},"2ac9a2b4-cb39-46eb-91cf-9c84bb540ebc":{"type":"slideshow","disabled":true,"blocks":{"template--15690368221389__2ac9a2b4-cb39-46eb-91cf-9c84bb540ebc-16746829873821cf1d-0":{"type":"image","settings":{"top_subheading":"","title":"Endless\npossibilities.","title_size":80,"subheading":"Bring your brand to life","link":"","link_text":"Optional button","link_2":"","link_text_2":"","color_accent":"rgba(0,0,0,0)","text_align":"vertical-center horizontal-center","image":"shopify:\/\/shop_images\/wholesale.png","parallax_direction":"top","overlay_opacity":0}},"template--15690368221389__2ac9a2b4-cb39-46eb-91cf-9c84bb540ebc-16746829873821cf1d-1":{"type":"image","disabled":true,"settings":{"top_subheading":"","title":"Two line\ntitle slide.","title_size":80,"subheading":"And big, beautiful imagery","link":"","link_text":"Optional button","link_2":"","link_text_2":"","color_accent":"rgba(0,0,0,0)","text_align":"vertical-center horizontal-center","parallax_direction":"top","overlay_opacity":0}}},"block_order":["template--15690368221389__2ac9a2b4-cb39-46eb-91cf-9c84bb540ebc-16746829873821cf1d-0","template--15690368221389__2ac9a2b4-cb39-46eb-91cf-9c84bb540ebc-16746829873821cf1d-1"],"settings":{"section_height":"650px","mobile_height":"auto","parallax":true,"style":"bars","autoplay":true,"autoplay_speed":5,"lazyload_images":true}},"acc64145-b3e3-4bd5-b503-c3fca261fb09":{"type":"text-and-image","disabled":true,"settings":{"image_mask":"none","image2_mask":"none","subtitle":"","title":"Image with text","text":"<p>Pair large text with an image to tell a story, explain a detail about your product, or describe a new promotion.<\/p>","button_label":"","button_link":"","button_style":"primary","align_text":"left","image_width":"50","layout":"right","divider":false,"top_padding":true,"bottom_padding":true,"lazyload_images":true}}},"order":["cb2a2237-f14c-432c-a2b2-e52fedf2d808","main","rich-text","73498e9a-0d30-4904-a659-c324011402ad","bb9baf02-3173-4404-8b4b-604101128bae","form","2ac9a2b4-cb39-46eb-91cf-9c84bb540ebc","acc64145-b3e3-4bd5-b503-c3fca261fb09"]}