{"sections":{"f75c8733-a65f-483e-b403-050835505147":{"type":"slideshow","blocks":{"template--15681615331533__f75c8733-a65f-483e-b403-050835505147-167467682185982f77-0":{"type":"image","settings":{"top_subheading":"kitusafe","title":"About us","title_size":80,"subheading":"Founded by women, for everyone.","link":"","link_text":"","link_2":"","link_text_2":"","color_accent":"rgba(0,0,0,0)","text_align":"vertical-center horizontal-center","image":"shopify:\/\/shop_images\/pexels-cottonbro-studio-6668315.jpg","image_mobile":"shopify:\/\/shop_images\/pexels-cottonbro-studio-6668315.jpg","parallax_direction":"top","overlay_opacity":0}},"template--15681615331533__f75c8733-a65f-483e-b403-050835505147-167467682185982f77-1":{"type":"image","disabled":true,"settings":{"top_subheading":"","title":"Two line\ntitle slide.","title_size":80,"subheading":"And big, beautiful imagery","link":"","link_text":"Optional button","link_2":"","link_text_2":"","color_accent":"rgba(0,0,0,0)","text_align":"vertical-center horizontal-center","parallax_direction":"top","overlay_opacity":0}}},"block_order":["template--15681615331533__f75c8733-a65f-483e-b403-050835505147-167467682185982f77-0","template--15681615331533__f75c8733-a65f-483e-b403-050835505147-167467682185982f77-1"],"settings":{"section_height":"450px","mobile_height":"auto","parallax":true,"style":"bars","autoplay":true,"autoplay_speed":5,"lazyload_images":true}},"main":{"type":"main-page","disabled":true,"settings":{}},"41d1f223-a81e-4155-be44-434cc137fe5c":{"type":"advanced-content","blocks":{"32b512a1-e0f2-451a-a7b6-197304e03313":{"type":"liquid","settings":{"code":"<div class=\"index-section\" style=\"\n    margin-bottom: 0px;\n    margin-top: 0px;\n\"><div class=\"page-width\"><div class=\"custom-content\"><div class=\"custom__item one-whole align--center\">\n      <div class=\"custom__item-inner custom__item-inner--liquid\"><div class=\"rte\">\n                <section id=\"shopify-section-template--15575058972877__main\" class=\"shopify-section\"><div class=\"page-width page-width--narrow page-content\" style=\"\n    padding-bottom: 0px;\n    padding-top: 75px;\n\">\n\n\n  <nav class=\"breadcrumb\" role=\"navigation\" aria-label=\"breadcrumbs\">\n    <a href=\"\/\" title=\"Back to the frontpage\">Home<\/a>\n\n    \n\n      <span class=\"breadcrumb__divider\" aria-hidden=\"true\">\/<\/span>\n      <span>About Us<\/span>\n\n    \n  <\/nav>\n\n\n\n<header class=\"section-header\">\n    <h1 class=\"section-header__title\">About Us<\/h1>\n  <\/header>\n\n  <div class=\"rte rte--nomargin\">\n    \n  <\/div>\n<\/div>\n\n\n<\/section>\n              <\/div><\/div>\n    <\/div><\/div><\/div><\/div>","width":"100%","alignment":"center"}},"template--15681615331533__41d1f223-a81e-4155-be44-434cc137fe5c-1669145268906f9702-1":{"type":"liquid","disabled":true,"settings":{"code":"<script src=\"https:\/\/cdn.lordicon.com\/qjzruarw.js\"><\/script>\n<lord-icon\n    src=\"https:\/\/cdn.lordicon.com\/egiwmiit.json\"\n    trigger=\"hover\"\n\ncolors=\"primary:#1db6ff\"  \n  style=\"width:100px;height:100px;display: block; margin-left: auto; margin-right: auto;\">\n<\/lord-icon>","width":"100%","alignment":"center"}},"7c229691-32eb-48c8-aa93-85f6e7f237fa":{"type":"liquid","disabled":true,"settings":{"code":"<h2 style=\"text-align:center\"><span style=\"font-size:20px\"><strong>Nothing is more important to&nbsp;us than providing real world solutions to real world problems<\/strong><\/span><\/h2>\n\n<p style=\"text-align:center\"><span style=\"font-size:18px\">Kit-U-Safe was developed by Totalskincare.com, a company with over 20 years of experience in offering quality products to their customers. <\/span><\/p>\n<p style=\"text-align:center\"><span style=\"font-size:18px\">Our various&nbsp;kit selections are specifically designed to provide solutions for individuals who crave convenience. <\/span><\/p>","width":"100%","alignment":"center"}}},"block_order":["32b512a1-e0f2-451a-a7b6-197304e03313","template--15681615331533__41d1f223-a81e-4155-be44-434cc137fe5c-1669145268906f9702-1","7c229691-32eb-48c8-aa93-85f6e7f237fa"],"settings":{"full_width":false,"space_around":false,"lazyload_images":true}},"b5b3b418-820d-48ec-a5fc-a53f0698a12f":{"type":"advanced-content","disabled":true,"blocks":{"template--15681615331533__b5b3b418-820d-48ec-a5fc-a53f0698a12f-1669145268906f9702-1":{"type":"liquid","settings":{"code":"<script src=\"https:\/\/cdn.lordicon.com\/qjzruarw.js\"><\/script>\n<lord-icon\n    src=\"https:\/\/cdn.lordicon.com\/xfftupfv.json\"\n    trigger=\"hover\"\n    colors=\"primary:#1db6ff\"\n    style=\"width:100px;height:100px;display: block; margin-left: auto; margin-right: auto;\">\n<\/lord-icon><\/p>","width":"100%","alignment":"center"}},"d7919821-ae03-4640-a090-e7852cbc2475":{"type":"liquid","settings":{"code":"<div class=\"text-center page-width page-width--narrow\"><div class=\"theme-block\" data-shopify-editor-block=\"{&quot;id&quot;:&quot;template--15575058972877__2f0d5a39-7c1b-476f-b1d9-655a10124303-1667844509871e08f2-1&quot;,&quot;type&quot;:&quot;text&quot;}\"><div class=\"rte\"><div class=\"text\"><p><strong>Kit-U-Safe offers a wide range of solutions for both businesses and individuals<\/strong>&nbsp;looking for private label protection kits. We offer preassembled products, mass quantity orders, and compact solutions for our clients, and their customers for a comprehensive B2B2C solution.<\/p>\n<\/div><\/div><\/div><\/div>","width":"100%","alignment":"center"}}},"block_order":["template--15681615331533__b5b3b418-820d-48ec-a5fc-a53f0698a12f-1669145268906f9702-1","d7919821-ae03-4640-a090-e7852cbc2475"],"settings":{"full_width":false,"space_around":true,"lazyload_images":true}},"21eb5120-395c-494b-8319-3b052a421779":{"type":"advanced-content","disabled":true,"blocks":{"template--15681615331533__21eb5120-395c-494b-8319-3b052a421779-1669145268906f9702-1":{"type":"liquid","settings":{"code":"<script src=\"https:\/\/cdn.lordicon.com\/qjzruarw.js\"><\/script>\n<lord-icon\n    src=\"https:\/\/cdn.lordicon.com\/bhfjfgqz.json\"\n    trigger=\"hover\"\n    colors=\"primary:#1db6ff\"\n    style=\"width:100px;height:100px;display: block; margin-left: auto; margin-right: auto;\">\n<\/lord-icon>","width":"100%","alignment":"center"}},"7b36bdac-d22d-4846-bfaa-0fa42ff98dc1":{"type":"liquid","settings":{"code":"<div class=\"text-center page-width page-width--narrow\"><div class=\"theme-block\" data-shopify-editor-block=\"{&quot;id&quot;:&quot;template--15575058972877__2f0d5a39-7c1b-476f-b1d9-655a10124303-1667844509871e08f2-1&quot;,&quot;type&quot;:&quot;text&quot;}\"><div class=\"rte\"><div class=\"text\"><p><strong>Kit-U-Safe offers a wide range of solutions for both businesses and individuals<\/strong>&nbsp;looking for private label protection kits. We offer preassembled products, mass quantity orders, and compact solutions for our clients, and their customers for a comprehensive B2B2C solution.<\/p>\n<\/div><\/div><\/div><\/div>","width":"100%","alignment":"center"}}},"block_order":["template--15681615331533__21eb5120-395c-494b-8319-3b052a421779-1669145268906f9702-1","7b36bdac-d22d-4846-bfaa-0fa42ff98dc1"],"settings":{"full_width":false,"space_around":true,"lazyload_images":true}},"46593307-975c-4818-b957-4821588af2c8":{"type":"advanced-content","disabled":true,"blocks":{"template--15681615331533__46593307-975c-4818-b957-4821588af2c8-166914604614519ccf-1":{"type":"liquid","settings":{"code":"<script src=\"https:\/\/cdn.lordicon.com\/qjzruarw.js\"><\/script>\n<lord-icon\n    src=\"https:\/\/cdn.lordicon.com\/osuxyevn.json\"\n    trigger=\"hover\"\n\ncolors=\"primary:#1db6ff\"\n    style=\"width:100px;height:100px;display: block; margin-left: auto; margin-right: auto;\">\n<\/lord-icon>","width":"100%","alignment":"center"}},"543db8e6-00e1-48b0-8c22-ba47b64e8955":{"type":"liquid","settings":{"code":"<div class=\"text-center page-width page-width--narrow\"><div class=\"theme-block\" data-shopify-editor-block=\"{&quot;id&quot;:&quot;template--15575058972877__aedc772c-5339-4244-bcf1-f609de163518-1667843361eae667c2-1&quot;,&quot;type&quot;:&quot;text&quot;}\"><div class=\"rte\"><div class=\"text\"><p><strong>Located in Rockville, Maryland<\/strong>. We proudly manage our own warehouses and facilities. Our storage solutions are effective and efficient to ensure that our products are kept safe and protected from the moment they’re produced to the time they are shipped out to our customers.<\/p>\n<\/div><\/div><\/div><\/div>","width":"100%","alignment":"center"}}},"block_order":["template--15681615331533__46593307-975c-4818-b957-4821588af2c8-166914604614519ccf-1","543db8e6-00e1-48b0-8c22-ba47b64e8955"],"settings":{"full_width":false,"space_around":true,"lazyload_images":true}},"d09914fd-c867-4927-b861-06d0166055e1":{"type":"advanced-content","blocks":{"template--15681615331533__d09914fd-c867-4927-b861-06d0166055e1-16746728363972e0c3-0":{"type":"image","disabled":true,"settings":{"link":"","width":"50%","alignment":"center"}},"template--15681615331533__d09914fd-c867-4927-b861-06d0166055e1-16746728363972e0c3-1":{"type":"liquid","settings":{"code":"<div style=\"background-color:#ffffff; padding:20px\">\n  <h2 style=\"text-align:center;\"><span style=\"font-size:24px\"><strong>Welcome to Kitusafe - the premier destination for all your personal protective equipment and safety supply needs.<\/strong><\/span><\/h2>\n  <p style=\"text-align:center; font-size:20px\">At Kitusafe, we understand that safety is a non-negotiable necessity, not a luxury. That's why we are dedicated to providing the highest quality products and unmatched customer service to safeguard your world, one kit at a time.<\/p>\n<\/div>\n  \n<h2 style=\"text-align:center; font-size:24px\"><strong>Businesses and individuals alike rely on us for our extensive range of preassembled products, compact solutions, and mass quantity orders.<\/strong><\/h2>\n<p style=\"text-align:center; font-size:20px\">With everything you need to keep your operations running smoothly, our team of experts is committed to providing personalized attention and exceptional service to ensure your complete satisfaction.<\/p>\n\n<div style=\"background-color:#ffffff; padding:20px\">\n  <h2 style=\"text-align:center; font-size:24px\"><strong>Our mission is simple - to empower businesses and individuals to safeguard their worlds with the highest quality personal protective equipment and safety supplies.<\/strong><\/h2>\n  <p style=\"text-align:center; font-size:20px\">We strive to innovate and exceed expectations, delivering top-of-the-line products and exceptional customer service every step of the way.<\/p>\n<\/div>\n\n<h2 style=\"text-align:center; font-size:24px\"><strong>Located in Rockville, Maryland<\/strong><\/h2>\n<p style=\"text-align:center; font-size:20px\">We take pride in managing our own warehouses and facilities to ensure the safety, security, and timely delivery of our products. Trust us to keep your world protected, and join our mission to make safety a priority, one kit at a time.<\/p>\n\n<p>&nbsp;<\/p>\n<p>&nbsp;<\/p>\n<p style=\"text-align:center; font-size:20px\">Thank you for choosing Kitusafe as your trusted partner for all your personal protective equipment and safety supply needs.<\/p>","width":"100%","alignment":"center"}},"4f34622a-1285-4fee-bfd1-907f2219f82b":{"type":"liquid","disabled":true,"settings":{"code":"<div style=\"background-color:#ffffff; padding:20px; display: flex; align-items: center;\">\n\n  <div>\n   \n\t<h2 style=\"text-align:center;\"><span style=\"font-size:24px\"><strong>Safeguarding Your World, One Kit at a Time<\/strong><\/span><\/h2>\n\t<p style=\"text-align:center; font-size:20px\">At Kitusafe, we believe that safety is not a luxury, it's a necessity. That's why we're dedicated to providing top-of-the-line personal protective equipment and safety supplies to keep you and your workforce secure and protected.<\/p>\n\n\n  <\/div>\n    <script src=\"https:\/\/cdn.lordicon.com\/ritcuqlt.js\"><\/script>\n<lord-icon\n    src=\"https:\/\/cdn.lordicon.com\/fihkmkwt.json\"\n    trigger=\"hover\"\n    style=\"width:250px;height:250px\">\n<\/lord-icon>\n<\/div>\n\n<div style=\"background-color:#ffffff; padding:20px; display: flex; align-items: center;\">\n  <div>\n\n\t<h2 style=\"text-align:center; font-size:24px\"><strong>Businesses and Individuals Rely on Us<\/strong><\/h2>\n\t<p style=\"text-align:center; font-size:20px\">From preassembled products to mass quantity orders and compact solutions, we have everything you need to keep your operations running smoothly. Our team of experts is dedicated to providing unparalleled customer service, so you can focus on what you do best.<\/p>\n\n  <\/div>\n    <script src=\"https:\/\/cdn.lordicon.com\/ritcuqlt.js\"><\/script>\n<lord-icon\n    src=\"https:\/\/cdn.lordicon.com\/fihkmkwt.json\"\n    trigger=\"hover\"\n    style=\"width:250px;height:250px\">\n<\/lord-icon>\n<\/div>\n\n<div style=\"background-color:#ffffff; padding:20px; display: flex; align-items: center;\">\n  <div>\n \t<h2 style=\"text-align:center; font-size:24px\"><strong>Our Mission<\/strong><\/h2>\n\t<p style=\"text-align:center; font-size:20px\">At Kitusafe, our mission is to empower businesses and individuals to safeguard their worlds with the highest quality personal protective equipment and safety supplies. We strive to innovate and exceed expectations with our exceptional customer service.<\/p>\n  <\/div>\n    <script src=\"https:\/\/cdn.lordicon.com\/ritcuqlt.js\"><\/script>\n<lord-icon\n    src=\"https:\/\/cdn.lordicon.com\/fihkmkwt.json\"\n    trigger=\"hover\"\n    style=\"width:250px;height:250px\">\n<\/lord-icon>\n<\/div>\n<div style=\"background-color:#ffffff; padding:20px; display: flex; align-items: center;\">\n  <div>\n\t<h2 style=\"text-align:center; font-size:24px\"><strong>Located in Rockville, Maryland<\/strong><\/h2>\n\t<p style=\"text-align:center; font-size:20px\">We take pride in managing our own warehouses and facilities, ensuring that our products are always safe, secure and ready to ship to you. Trust us to keep your world protected.<\/p>\n  <\/div>\n    <script src=\"https:\/\/cdn.lordicon.com\/ritcuqlt.js\"><\/script>\n<lord-icon\n    src=\"https:\/\/cdn.lordicon.com\/fihkmkwt.json\"\n    trigger=\"hover\"\n    style=\"width:250px;height:250px\">\n<\/lord-icon>\n<\/div>","width":"100%","alignment":"center"}}},"block_order":["template--15681615331533__d09914fd-c867-4927-b861-06d0166055e1-16746728363972e0c3-0","template--15681615331533__d09914fd-c867-4927-b861-06d0166055e1-16746728363972e0c3-1","4f34622a-1285-4fee-bfd1-907f2219f82b"],"settings":{"full_width":false,"space_around":false,"lazyload_images":true}},"5de61d08-6b2b-462b-83ca-627d6d183495":{"type":"promo-grid","blocks":{"template--15681615331533__5de61d08-6b2b-462b-83ca-627d6d183495-1674682736783a8c03-0":{"type":"advanced","settings":{"subheading":"kitusafe","heading":"you deserve the best","textarea":"","cta_text1":"","cta_link1":"","cta_text2":"","cta_link2":"","image":"shopify:\/\/shop_images\/wepik--20221015-21630.png","video_url":"","width":"100","height":500,"text_size":100,"text_align":"vertical-top horizontal-left","color_accent":"rgba(0,0,0,0)","boxed":false,"framed":false}},"template--15681615331533__5de61d08-6b2b-462b-83ca-627d6d183495-1674682736783a8c03-1":{"type":"advanced","disabled":true,"settings":{"subheading":"Limited time","heading":"Announce your promotion","textarea":"Include the smaller details of your promotion in text below the title.","cta_text1":"Shop This","cta_link1":"","cta_text2":"Shop All","cta_link2":"","video_url":"","width":"50","height":500,"text_size":100,"text_align":"vertical-center horizontal-center","color_accent":"rgba(0,0,0,0)","boxed":false,"framed":false}}},"block_order":["template--15681615331533__5de61d08-6b2b-462b-83ca-627d6d183495-1674682736783a8c03-0","template--15681615331533__5de61d08-6b2b-462b-83ca-627d6d183495-1674682736783a8c03-1"],"settings":{"full_width":false,"gutter_size":20,"space_above":false,"space_below":true,"lazyload_images":true}},"8b72b914-698e-4eb4-823f-efc6c493b92f":{"type":"contact-form","settings":{"title":"Contact us","text":"","show_phone":false,"narrow_column":true}}},"order":["f75c8733-a65f-483e-b403-050835505147","main","41d1f223-a81e-4155-be44-434cc137fe5c","b5b3b418-820d-48ec-a5fc-a53f0698a12f","21eb5120-395c-494b-8319-3b052a421779","46593307-975c-4818-b957-4821588af2c8","d09914fd-c867-4927-b861-06d0166055e1","5de61d08-6b2b-462b-83ca-627d6d183495","8b72b914-698e-4eb4-823f-efc6c493b92f"]}