{"sections":{"main":{"type":"main-page","disabled":true,"settings":{}},"rich-text":{"type":"rich-text","blocks":{"heading":{"type":"heading","settings":{"title":"Get in touch"}},"text":{"type":"text","settings":{"enlarge_text":true,"text":"<p><strong>We're dedicated to providing our customers with the best possible service and we're here to help with any questions or concerns you may have.<br\/><\/strong><br\/>If you have any questions about our products or services, or if you're interested in learning more about our wholesale options for schools, organizations, and charities, please don't hesitate to reach out. We'll be happy to provide you with more information or help you place an order.<\/p>"}}},"block_order":["heading","text"],"settings":{"align_text":"center","narrow_column":true,"divider":false}},"form":{"type":"contact-form","settings":{"title":"Contact us","text":"","show_phone":true,"narrow_column":true}}},"order":["main","rich-text","form"]}