{"sections":{"main":{"type":"main-page","disabled":true,"settings":{}},"b5b3b418-820d-48ec-a5fc-a53f0698a12f":{"type":"advanced-content","disabled":true,"blocks":{"template--15681615331533__b5b3b418-820d-48ec-a5fc-a53f0698a12f-1669145268906f9702-1":{"type":"liquid","settings":{"code":"<script src=\"https:\/\/cdn.lordicon.com\/qjzruarw.js\"><\/script>\n<lord-icon\n    src=\"https:\/\/cdn.lordicon.com\/xfftupfv.json\"\n    trigger=\"hover\"\n    colors=\"primary:#1db6ff\"\n    style=\"width:100px;height:100px;display: block; margin-left: auto; margin-right: auto;\">\n<\/lord-icon><\/p>","width":"100%","alignment":"center"}},"d7919821-ae03-4640-a090-e7852cbc2475":{"type":"liquid","settings":{"code":"<div class=\"text-center page-width page-width--narrow\"><div class=\"theme-block\" data-shopify-editor-block=\"{&quot;id&quot;:&quot;template--15575058972877__2f0d5a39-7c1b-476f-b1d9-655a10124303-1667844509871e08f2-1&quot;,&quot;type&quot;:&quot;text&quot;}\"><div class=\"rte\"><div class=\"text\"><p><strong>Kit-U-Safe offers a wide range of solutions for both businesses and individuals<\/strong>&nbsp;looking for private label protection kits. We offer preassembled products, mass quantity orders, and compact solutions for our clients, and their customers for a comprehensive B2B2C solution.<\/p>\n<\/div><\/div><\/div><\/div>","width":"100%","alignment":"center"}}},"block_order":["template--15681615331533__b5b3b418-820d-48ec-a5fc-a53f0698a12f-1669145268906f9702-1","d7919821-ae03-4640-a090-e7852cbc2475"],"settings":{"full_width":false,"space_around":true}},"21eb5120-395c-494b-8319-3b052a421779":{"type":"advanced-content","disabled":true,"blocks":{"template--15681615331533__21eb5120-395c-494b-8319-3b052a421779-1669145268906f9702-1":{"type":"liquid","settings":{"code":"<script src=\"https:\/\/cdn.lordicon.com\/qjzruarw.js\"><\/script>\n<lord-icon\n    src=\"https:\/\/cdn.lordicon.com\/bhfjfgqz.json\"\n    trigger=\"hover\"\n    colors=\"primary:#1db6ff\"\n    style=\"width:100px;height:100px;display: block; margin-left: auto; margin-right: auto;\">\n<\/lord-icon>","width":"100%","alignment":"center"}},"7b36bdac-d22d-4846-bfaa-0fa42ff98dc1":{"type":"liquid","settings":{"code":"<div class=\"text-center page-width page-width--narrow\"><div class=\"theme-block\" data-shopify-editor-block=\"{&quot;id&quot;:&quot;template--15575058972877__2f0d5a39-7c1b-476f-b1d9-655a10124303-1667844509871e08f2-1&quot;,&quot;type&quot;:&quot;text&quot;}\"><div class=\"rte\"><div class=\"text\"><p><strong>Kit-U-Safe offers a wide range of solutions for both businesses and individuals<\/strong>&nbsp;looking for private label protection kits. We offer preassembled products, mass quantity orders, and compact solutions for our clients, and their customers for a comprehensive B2B2C solution.<\/p>\n<\/div><\/div><\/div><\/div>","width":"100%","alignment":"center"}}},"block_order":["template--15681615331533__21eb5120-395c-494b-8319-3b052a421779-1669145268906f9702-1","7b36bdac-d22d-4846-bfaa-0fa42ff98dc1"],"settings":{"full_width":false,"space_around":true}},"46593307-975c-4818-b957-4821588af2c8":{"type":"advanced-content","disabled":true,"blocks":{"template--15681615331533__46593307-975c-4818-b957-4821588af2c8-166914604614519ccf-1":{"type":"liquid","settings":{"code":"<script src=\"https:\/\/cdn.lordicon.com\/qjzruarw.js\"><\/script>\n<lord-icon\n    src=\"https:\/\/cdn.lordicon.com\/osuxyevn.json\"\n    trigger=\"hover\"\n\ncolors=\"primary:#1db6ff\"\n    style=\"width:100px;height:100px;display: block; margin-left: auto; margin-right: auto;\">\n<\/lord-icon>","width":"100%","alignment":"center"}},"543db8e6-00e1-48b0-8c22-ba47b64e8955":{"type":"liquid","settings":{"code":"<div class=\"text-center page-width page-width--narrow\"><div class=\"theme-block\" data-shopify-editor-block=\"{&quot;id&quot;:&quot;template--15575058972877__aedc772c-5339-4244-bcf1-f609de163518-1667843361eae667c2-1&quot;,&quot;type&quot;:&quot;text&quot;}\"><div class=\"rte\"><div class=\"text\"><p><strong>Located in Rockville, Maryland<\/strong>. We proudly manage our own warehouses and facilities. Our storage solutions are effective and efficient to ensure that our products are kept safe and protected from the moment they’re produced to the time they are shipped out to our customers.<\/p>\n<\/div><\/div><\/div><\/div>","width":"100%","alignment":"center"}}},"block_order":["template--15681615331533__46593307-975c-4818-b957-4821588af2c8-166914604614519ccf-1","543db8e6-00e1-48b0-8c22-ba47b64e8955"],"settings":{"full_width":false,"space_around":true}},"00811a49-1c16-4f2d-9ffb-e362d06ace94":{"type":"background-image-text","settings":{"subtitle":"welcome","title":"meet kitusafe","text":"<p>We’re reinventing feminine care. Starting with high-quality, natural ingredients that you can trust.<\/p>","button_label":"","button_link":"","image":"shopify:\/\/shop_images\/Lola-Organic-Desktop_1.jpg","layout":"left","height":450,"framed":true,"parallax":true,"parallax_direction":"top"}},"f980a3e1-fcf4-43b7-bbc7-88eae99ed684":{"type":"text-and-image","settings":{"image":"shopify:\/\/shop_images\/Why-this-Lube-1615926723127_1.jpg","subtitle":"","title":"Hi, we're kitusafe","text":"<p>Founded by women with sky-high standards, we make period and sexual wellness products with you in mind. No mystery ingredients. So many ways to customize.<\/p>","button_label":"","button_link":"","button_style":"primary","align_text":"center","layout":"right","divider":false}},"9e4d61d5-ced1-47d8-937c-eb37a6c39d2b":{"type":"text-and-image","settings":{"image":"shopify:\/\/shop_images\/VaginalHealthEducationModuleImage-1617211317854_1.jpg","subtitle":"","title":"Quality Ingredients","text":"<p>We're always upfront, even on the back of the box. No toxin or dyes, ever. If its going in your body, you should know what it's made of.<\/p>","button_label":"","button_link":"","button_style":"primary","align_text":"center","layout":"left","divider":false}},"ccb70f0f-059d-4cf3-b8c2-7ae8d48fbf0d":{"type":"testimonials","blocks":{"template--15690368286925__ccb70f0f-059d-4cf3-b8c2-7ae8d48fbf0d-16695729078fbced5d-0":{"type":"testimonial","settings":{"icon":"5-stars","testimonial":"<p>“I’m obsessed with these 100% cotton tampons. I truly can feel a difference and feel so much better about my period.”<\/p>","author":"BRIDGET","author_info":"CUSTOMER SINCE 2018"}},"template--15690368286925__ccb70f0f-059d-4cf3-b8c2-7ae8d48fbf0d-16695729078fbced5d-1":{"type":"testimonial","settings":{"icon":"5-stars","testimonial":"<p>“I love the story of this company and the products are wonderful! Best condoms I’ve ever used.”<\/p>","author":"CATHERINE","author_info":"CUSTOMER SINCE 2019"}},"template--15690368286925__ccb70f0f-059d-4cf3-b8c2-7ae8d48fbf0d-16695729078fbced5d-2":{"type":"testimonial","settings":{"icon":"5-stars","testimonial":"<p>“These heavy pads were totally amazing and so comfortable. I tried them overnight and still had no leakage at all!”<\/p>","author":"MARIE","author_info":"CUSTOMER SINCE 2020"}},"template--15690368286925__ccb70f0f-059d-4cf3-b8c2-7ae8d48fbf0d-16695729078fbced5d-3":{"type":"testimonial","settings":{"icon":"5-stars","testimonial":"<p>“I believe this is how feminine care should have been all along. It’s simply the best.”<\/p><p><\/p>","author":"SHAYE","author_info":"CUSTOMER SINCE 2019"}},"template--15690368286925__ccb70f0f-059d-4cf3-b8c2-7ae8d48fbf0d-16695729078fbced5d-4":{"type":"testimonial","disabled":true,"settings":{"icon":"5-stars","testimonial":"<p>Add customer reviews and testimonials to showcase your store’s happy customers.<\/p>","author":"Author's name","author_info":"Los Angeles, CA"}}},"block_order":["template--15690368286925__ccb70f0f-059d-4cf3-b8c2-7ae8d48fbf0d-16695729078fbced5d-0","template--15690368286925__ccb70f0f-059d-4cf3-b8c2-7ae8d48fbf0d-16695729078fbced5d-1","template--15690368286925__ccb70f0f-059d-4cf3-b8c2-7ae8d48fbf0d-16695729078fbced5d-2","template--15690368286925__ccb70f0f-059d-4cf3-b8c2-7ae8d48fbf0d-16695729078fbced5d-3","template--15690368286925__ccb70f0f-059d-4cf3-b8c2-7ae8d48fbf0d-16695729078fbced5d-4"],"settings":{"title":"Testimonials","align_text":"center","round_images":true,"color_background":"#f9f9f9","color_text":"#1c1d1d"}},"3a4a42d4-d9ab-473b-a95d-9c0dcd8e5b20":{"type":"text-and-image","settings":{"image":"shopify:\/\/shop_images\/organic-cotton-liners-15723634221432-1584993841304__1__1.jpg","subtitle":"","title":"On a mission","text":"<p>Giving back is in our DNA. We’ve donated over 6 million products to those in need, and continue to fight for reproductive equity. We’re dedicated to shining a light on the racial and social disparities that contribute to reproductive inequity. And we’re working to fight these injustices, together.<\/p>","button_label":"","button_link":"","button_style":"primary","align_text":"center","layout":"right","divider":false}}},"order":["main","b5b3b418-820d-48ec-a5fc-a53f0698a12f","21eb5120-395c-494b-8319-3b052a421779","46593307-975c-4818-b957-4821588af2c8","00811a49-1c16-4f2d-9ffb-e362d06ace94","f980a3e1-fcf4-43b7-bbc7-88eae99ed684","9e4d61d5-ced1-47d8-937c-eb37a6c39d2b","ccb70f0f-059d-4cf3-b8c2-7ae8d48fbf0d","3a4a42d4-d9ab-473b-a95d-9c0dcd8e5b20"]}