{"sections":{"main":{"type":"main-product","blocks":{"price":{"type":"price","settings":{}},"loox-rating":{"type":"shopify:\/\/apps\/loox-product-reviews-photos\/blocks\/loox-rating\/5c3b337f-fd14-4df5-b1d6-80ec13e6e28e","settings":{}},"separator":{"type":"separator","settings":{}},"variant_picker":{"type":"variant_picker","settings":{"variant_labels":true,"picker_type":"button","product_dynamic_variants_enable":true,"color_swatches":false}},"sales_point":{"type":"sales_point","settings":{"icon":"globe","text":"Free worldwide shipping"}},"b3a13784-9f3e-492b-89d5-29dfd5407d7b":{"type":"quantity_selector","settings":{}},"inventory_status":{"type":"inventory_status","settings":{"inventory_threshold":10,"inventory_transfers_enable":true}},"buy_buttons":{"type":"buy_buttons","settings":{"show_dynamic_checkout":true,"surface_pickup_enable":false}},"334c449b-8542-4e1a-a33c-388233613627":{"type":"custom","disabled":true,"settings":{"code":"<!-- Beginning of Buy With Prime Widget -->\n<script defer src='https:\/\/code.buywithprime.amazon.com\/default.variant.selector.shopify.js'><\/script>\n<script async fetchpriority='high' src='https:\/\/code.buywithprime.amazon.com\/bwp.v1.js'><\/script>\n{% if product.sku %}\n    <div\n        id=\"amzn-buy-now\"\n        data-site-id=\"pgs0kk29ri\"\n        data-widget-id=\"w-C4waAgUuvxaNRMZtcxDnF2\"\n        data-sku=\"{{product.sku}}\"\n    ><\/div>\n{% else %}\n    <div\n        id=\"amzn-buy-now\"\n        data-site-id=\"pgs0kk29ri\"\n        data-widget-id=\"w-C4waAgUuvxaNRMZtcxDnF2\"\n        data-sku=\"{{product.selected_or_first_available_variant.sku}}\"\n    ><\/div>\n{% endif %}\n<!-- End of Buy With Prime Widget -->"}},"bac1f21a-c270-4073-af9b-2bf073bdb424":{"type":"custom","disabled":true,"settings":{"code":"<a href=\"https:\/\/www.amazon.com\/stores\/Kit-U-Safe\/page\/ED78365E-B91B-4313-85BC-2238BC5EEAD3?ref_=ast_bln\" target=\"_blank\">\n  <img alt=\"NEWS |\" src=\"https:\/\/d1snu2um2qo33r.cloudfront.net\/wp-content\/uploads\/2015\/07\/amazon-logo_black.png\" style=\"height:150px; width:311px; display: block; margin: 0 auto;\" \/>\n<\/a>"}},"description":{"type":"description","settings":{"is_tab":false}},"tab":{"type":"tab","settings":{"title":"Shipping information","content":"<p>We offer shipping to most locations worldwide. Shipping rates and delivery times vary depending on the destination and shipping method selected.<\/p><p>Standard Shipping:<br\/>For domestic orders within the United States, standard shipping usually takes between 3-7 business days. For international orders, standard shipping may take 7-14 business days. Please note that delivery times may vary depending on the destination country and local customs processing times.<\/p><p>Expedited Shipping:<br\/>If you need your order delivered faster, we offer expedited shipping options at an additional cost. Expedited shipping usually takes 2-3 business days for domestic orders within the United States and 5-7 business days for international orders.<\/p><p>Please note that shipping times may be affected by factors beyond our control, such as weather conditions and holidays. Once your order has shipped, you will receive a tracking number to track your package.<\/p>","page":""}},"contact":{"type":"contact","settings":{"title":"Ask a question","phone":false}},"share":{"type":"share","settings":{}}},"block_order":["price","loox-rating","separator","variant_picker","sales_point","b3a13784-9f3e-492b-89d5-29dfd5407d7b","inventory_status","buy_buttons","334c449b-8542-4e1a-a33c-388233613627","bac1f21a-c270-4073-af9b-2bf073bdb424","description","tab","contact","share"],"settings":{"sku_enable":false,"image_position":"left","image_size":"medium","product_zoom_enable":true,"thumbnail_position":"beside","thumbnail_height":"flexible","thumbnail_arrows":false,"mobile_layout":"partial","enable_video_looping":true,"product_video_style":"muted"}},"sub":{"type":"product-full-width","disabled":true,"settings":{"max_width":true}},"background-image-text":{"type":"background-image-text","disabled":true,"settings":{"subtitle":"Impressive","title":"About your brand","text":"<p>Pair large text with a full-width image to draw attention to an important detail of your brand or product line.<\/p>","button_label":"","button_link":"","layout":"left","height":550,"framed":false,"parallax":false,"parallax_direction":"top","lazyload_images":true}},"text-and-image":{"type":"text-and-image","disabled":true,"settings":{"image_mask":"none","image2_mask":"none","subtitle":"","title":"About your brand","text":"<p>Pair large text with an image to tell a story, explain a detail about your product, or describe a new promotion.<\/p>","button_label":"","button_link":"","button_style":"primary","align_text":"left","image_width":"50","layout":"right","divider":false,"top_padding":true,"bottom_padding":true,"lazyload_images":true}},"text-and-image2":{"type":"text-and-image","disabled":true,"settings":{"image_mask":"none","image2_mask":"none","subtitle":"","title":"About your brand","text":"<p>Pair large text with an image to tell a story, explain a detail about your product, or describe a new promotion.<\/p>","button_label":"","button_link":"","button_style":"primary","align_text":"left","image_width":"50","layout":"left","divider":false,"top_padding":true,"bottom_padding":true,"lazyload_images":true}},"testimonials":{"type":"testimonials","disabled":true,"blocks":{"testimonials-0":{"type":"testimonial","settings":{"icon":"5-stars","testimonial":"<p>Add customer reviews and testimonials to showcase your store’s happy customers.<\/p>","author":"Author's name","author_info":"Los Angeles, CA"}},"testimonials-1":{"type":"testimonial","settings":{"icon":"5-stars","testimonial":"<p>Add customer reviews and testimonials to showcase your store’s happy customers.<\/p>","author":"Author's name","author_info":"Los Angeles, CA"}},"testimonials-2":{"type":"testimonial","settings":{"icon":"5-stars","testimonial":"<p>Add customer reviews and testimonials to showcase your store’s happy customers.<\/p>","author":"Author's name","author_info":"Los Angeles, CA"}}},"block_order":["testimonials-0","testimonials-1","testimonials-2"],"settings":{"title":"Testimonials","align_text":"center","round_images":true,"color_background":"#f9f9f9","color_text":"#1c1d1d"}},"loox-product-reviews-app-section":{"type":"apps","blocks":{"loox-product-reviews":{"type":"shopify:\/\/apps\/loox-product-reviews-photos\/blocks\/loox-dynamic-section\/5c3b337f-fd14-4df5-b1d6-80ec13e6e28e","settings":{"only_photos":false,"aggregated":false,"limit":10,"hide_thumbnails":false,"maxwidth":1080}}},"block_order":["loox-product-reviews"],"settings":{"full_width":false,"space_around":true}},"product-recommendations":{"type":"product-recommendations","settings":{"product_recommendations_heading":"You may also like","related_count":5,"products_per_row":3}},"recently-viewed":{"type":"recently-viewed","settings":{"recent_count":5}},"collection-return":{"type":"collection-return","settings":{}}},"order":["main","sub","background-image-text","text-and-image","text-and-image2","testimonials","loox-product-reviews-app-section","product-recommendations","recently-viewed","collection-return"]}